book_filename,book_number,book_name,paragraph_number,original_paragraph_index,word_count,output_filename
001_Study_in_Scarlet.txt,001,Study_in_Scarlet,1,71,167,001_Study_in_Scarlet_01.txt
001_Study_in_Scarlet.txt,001,Study_in_Scarlet,2,75,102,001_Study_in_Scarlet_02.txt
001_Study_in_Scarlet.txt,001,Study_in_Scarlet,3,78,182,001_Study_in_Scarlet_03.txt
001_Study_in_Scarlet.txt,001,Study_in_Scarlet,4,90,221,001_Study_in_Scarlet_04.txt
001_Study_in_Scarlet.txt,001,Study_in_Scarlet,5,93,104,001_Study_in_Scarlet_05.txt
001_Study_in_Scarlet.txt,001,Study_in_Scarlet,6,98,146,001_Study_in_Scarlet_06.txt
001_Study_in_Scarlet.txt,001,Study_in_Scarlet,7,163,214,001_Study_in_Scarlet_07.txt
001_Study_in_Scarlet.txt,001,Study_in_Scarlet,8,228,129,001_Study_in_Scarlet_08.txt
001_Study_in_Scarlet.txt,001,Study_in_Scarlet,9,274,141,001_Study_in_Scarlet_09.txt
001_Study_in_Scarlet.txt,001,Study_in_Scarlet,10,295,213,001_Study_in_Scarlet_10.txt
001_Study_in_Scarlet.txt,001,Study_in_Scarlet,11,519,109,001_Study_in_Scarlet_11.txt
001_Study_in_Scarlet.txt,001,Study_in_Scarlet,12,543,134,001_Study_in_Scarlet_12.txt
001_Study_in_Scarlet.txt,001,Study_in_Scarlet,13,627,168,001_Study_in_Scarlet_13.txt
001_Study_in_Scarlet.txt,001,Study_in_Scarlet,14,673,189,001_Study_in_Scarlet_14.txt
001_Study_in_Scarlet.txt,001,Study_in_Scarlet,15,676,106,001_Study_in_Scarlet_15.txt
001_Study_in_Scarlet.txt,001,Study_in_Scarlet,16,696,146,001_Study_in_Scarlet_16.txt
001_Study_in_Scarlet.txt,001,Study_in_Scarlet,17,722,139,001_Study_in_Scarlet_17.txt
001_Study_in_Scarlet.txt,001,Study_in_Scarlet,18,726,109,001_Study_in_Scarlet_18.txt
001_Study_in_Scarlet.txt,001,Study_in_Scarlet,19,731,163,001_Study_in_Scarlet_19.txt
001_Study_in_Scarlet.txt,001,Study_in_Scarlet,20,771,126,001_Study_in_Scarlet_20.txt
002_Sign_of_Four.txt,002,Sign_of_Four,1,13,101,002_Sign_of_Four_01.txt
002_Sign_of_Four.txt,002,Sign_of_Four,2,19,172,002_Sign_of_Four_02.txt
002_Sign_of_Four.txt,002,Sign_of_Four,3,121,203,002_Sign_of_Four_03.txt
002_Sign_of_Four.txt,002,Sign_of_Four,4,151,155,002_Sign_of_Four_04.txt
002_Sign_of_Four.txt,002,Sign_of_Four,5,156,165,002_Sign_of_Four_05.txt
002_Sign_of_Four.txt,002,Sign_of_Four,6,159,169,002_Sign_of_Four_06.txt
002_Sign_of_Four.txt,002,Sign_of_Four,7,191,156,002_Sign_of_Four_07.txt
002_Sign_of_Four.txt,002,Sign_of_Four,8,203,108,002_Sign_of_Four_08.txt
002_Sign_of_Four.txt,002,Sign_of_Four,9,204,139,002_Sign_of_Four_09.txt
002_Sign_of_Four.txt,002,Sign_of_Four,10,209,135,002_Sign_of_Four_10.txt
002_Sign_of_Four.txt,002,Sign_of_Four,11,236,160,002_Sign_of_Four_11.txt
002_Sign_of_Four.txt,002,Sign_of_Four,12,606,140,002_Sign_of_Four_12.txt
002_Sign_of_Four.txt,002,Sign_of_Four,13,663,188,002_Sign_of_Four_13.txt
002_Sign_of_Four.txt,002,Sign_of_Four,14,672,216,002_Sign_of_Four_14.txt
002_Sign_of_Four.txt,002,Sign_of_Four,15,680,120,002_Sign_of_Four_15.txt
002_Sign_of_Four.txt,002,Sign_of_Four,16,713,104,002_Sign_of_Four_16.txt
002_Sign_of_Four.txt,002,Sign_of_Four,17,714,230,002_Sign_of_Four_17.txt
002_Sign_of_Four.txt,002,Sign_of_Four,18,718,127,002_Sign_of_Four_18.txt
002_Sign_of_Four.txt,002,Sign_of_Four,19,741,108,002_Sign_of_Four_19.txt
002_Sign_of_Four.txt,002,Sign_of_Four,20,757,150,002_Sign_of_Four_20.txt
003_ASH_01_Scandal_In_Bohemia.txt,003,ASH_01_Scandal_In_Bohemia,1,2,206,003_ASH_01_Scandal_In_Bohemia_01.txt
003_ASH_01_Scandal_In_Bohemia.txt,003,ASH_01_Scandal_In_Bohemia,2,3,222,003_ASH_01_Scandal_In_Bohemia_02.txt
003_ASH_01_Scandal_In_Bohemia.txt,003,ASH_01_Scandal_In_Bohemia,3,4,186,003_ASH_01_Scandal_In_Bohemia_03.txt
003_ASH_01_Scandal_In_Bohemia.txt,003,ASH_01_Scandal_In_Bohemia,4,13,150,003_ASH_01_Scandal_In_Bohemia_04.txt
003_ASH_01_Scandal_In_Bohemia.txt,003,ASH_01_Scandal_In_Bohemia,5,32,111,003_ASH_01_Scandal_In_Bohemia_05.txt
003_ASH_01_Scandal_In_Bohemia.txt,003,ASH_01_Scandal_In_Bohemia,6,43,201,003_ASH_01_Scandal_In_Bohemia_06.txt
003_ASH_01_Scandal_In_Bohemia.txt,003,ASH_01_Scandal_In_Bohemia,7,123,182,003_ASH_01_Scandal_In_Bohemia_07.txt
003_ASH_01_Scandal_In_Bohemia.txt,003,ASH_01_Scandal_In_Bohemia,8,129,155,003_ASH_01_Scandal_In_Bohemia_08.txt
003_ASH_01_Scandal_In_Bohemia.txt,003,ASH_01_Scandal_In_Bohemia,9,132,150,003_ASH_01_Scandal_In_Bohemia_09.txt
003_ASH_01_Scandal_In_Bohemia.txt,003,ASH_01_Scandal_In_Bohemia,10,133,126,003_ASH_01_Scandal_In_Bohemia_10.txt
003_ASH_01_Scandal_In_Bohemia.txt,003,ASH_01_Scandal_In_Bohemia,11,136,103,003_ASH_01_Scandal_In_Bohemia_11.txt
003_ASH_01_Scandal_In_Bohemia.txt,003,ASH_01_Scandal_In_Bohemia,12,140,123,003_ASH_01_Scandal_In_Bohemia_12.txt
003_ASH_01_Scandal_In_Bohemia.txt,003,ASH_01_Scandal_In_Bohemia,13,144,177,003_ASH_01_Scandal_In_Bohemia_13.txt
003_ASH_01_Scandal_In_Bohemia.txt,003,ASH_01_Scandal_In_Bohemia,14,174,140,003_ASH_01_Scandal_In_Bohemia_14.txt
003_ASH_01_Scandal_In_Bohemia.txt,003,ASH_01_Scandal_In_Bohemia,15,195,163,003_ASH_01_Scandal_In_Bohemia_15.txt
003_ASH_01_Scandal_In_Bohemia.txt,003,ASH_01_Scandal_In_Bohemia,16,196,186,003_ASH_01_Scandal_In_Bohemia_16.txt
003_ASH_01_Scandal_In_Bohemia.txt,003,ASH_01_Scandal_In_Bohemia,17,209,238,003_ASH_01_Scandal_In_Bohemia_17.txt
003_ASH_01_Scandal_In_Bohemia.txt,003,ASH_01_Scandal_In_Bohemia,18,245,117,003_ASH_01_Scandal_In_Bohemia_18.txt
003_ASH_01_Scandal_In_Bohemia.txt,003,ASH_01_Scandal_In_Bohemia,19,246,157,003_ASH_01_Scandal_In_Bohemia_19.txt
003_ASH_01_Scandal_In_Bohemia.txt,003,ASH_01_Scandal_In_Bohemia,20,248,107,003_ASH_01_Scandal_In_Bohemia_20.txt
004_ASH_02_Red_Headed_League.txt,004,ASH_02_Red_Headed_League,1,14,112,004_ASH_02_Red_Headed_League_01.txt
004_ASH_02_Red_Headed_League.txt,004,ASH_02_Red_Headed_League,2,53,119,004_ASH_02_Red_Headed_League_02.txt
004_ASH_02_Red_Headed_League.txt,004,ASH_02_Red_Headed_League,3,55,107,004_ASH_02_Red_Headed_League_03.txt
004_ASH_02_Red_Headed_League.txt,004,ASH_02_Red_Headed_League,4,57,192,004_ASH_02_Red_Headed_League_04.txt
004_ASH_02_Red_Headed_League.txt,004,ASH_02_Red_Headed_League,5,59,111,004_ASH_02_Red_Headed_League_05.txt
004_ASH_02_Red_Headed_League.txt,004,ASH_02_Red_Headed_League,6,62,148,004_ASH_02_Red_Headed_League_06.txt
004_ASH_02_Red_Headed_League.txt,004,ASH_02_Red_Headed_League,7,86,134,004_ASH_02_Red_Headed_League_07.txt
004_ASH_02_Red_Headed_League.txt,004,ASH_02_Red_Headed_League,8,88,121,004_ASH_02_Red_Headed_League_08.txt
004_ASH_02_Red_Headed_League.txt,004,ASH_02_Red_Headed_League,9,137,106,004_ASH_02_Red_Headed_League_09.txt
004_ASH_02_Red_Headed_League.txt,004,ASH_02_Red_Headed_League,10,153,120,004_ASH_02_Red_Headed_League_10.txt
004_ASH_02_Red_Headed_League.txt,004,ASH_02_Red_Headed_League,11,154,119,004_ASH_02_Red_Headed_League_11.txt
004_ASH_02_Red_Headed_League.txt,004,ASH_02_Red_Headed_League,12,155,242,004_ASH_02_Red_Headed_League_12.txt
004_ASH_02_Red_Headed_League.txt,004,ASH_02_Red_Headed_League,13,173,123,004_ASH_02_Red_Headed_League_13.txt
004_ASH_02_Red_Headed_League.txt,004,ASH_02_Red_Headed_League,14,177,115,004_ASH_02_Red_Headed_League_14.txt
004_ASH_02_Red_Headed_League.txt,004,ASH_02_Red_Headed_League,15,182,105,004_ASH_02_Red_Headed_League_15.txt
004_ASH_02_Red_Headed_League.txt,004,ASH_02_Red_Headed_League,16,188,118,004_ASH_02_Red_Headed_League_16.txt
004_ASH_02_Red_Headed_League.txt,004,ASH_02_Red_Headed_League,17,193,124,004_ASH_02_Red_Headed_League_17.txt
004_ASH_02_Red_Headed_League.txt,004,ASH_02_Red_Headed_League,18,209,194,004_ASH_02_Red_Headed_League_18.txt
004_ASH_02_Red_Headed_League.txt,004,ASH_02_Red_Headed_League,19,211,156,004_ASH_02_Red_Headed_League_19.txt
004_ASH_02_Red_Headed_League.txt,004,ASH_02_Red_Headed_League,20,212,164,004_ASH_02_Red_Headed_League_20.txt
005_ASH_03_Case_Of_Identity.txt,005,ASH_03_Case_Of_Identity,1,1,117,005_ASH_03_Case_Of_Identity_01.txt
005_ASH_03_Case_Of_Identity.txt,005,ASH_03_Case_Of_Identity,2,4,128,005_ASH_03_Case_Of_Identity_02.txt
005_ASH_03_Case_Of_Identity.txt,005,ASH_03_Case_Of_Identity,3,5,119,005_ASH_03_Case_Of_Identity_03.txt
005_ASH_03_Case_Of_Identity.txt,005,ASH_03_Case_Of_Identity,4,13,105,005_ASH_03_Case_Of_Identity_04.txt
005_ASH_03_Case_Of_Identity.txt,005,ASH_03_Case_Of_Identity,5,24,104,005_ASH_03_Case_Of_Identity_05.txt
005_ASH_03_Case_Of_Identity.txt,005,ASH_03_Case_Of_Identity,6,31,188,005_ASH_03_Case_Of_Identity_06.txt
005_ASH_03_Case_Of_Identity.txt,005,ASH_03_Case_Of_Identity,7,49,103,005_ASH_03_Case_Of_Identity_07.txt
005_ASH_03_Case_Of_Identity.txt,005,ASH_03_Case_Of_Identity,8,53,185,005_ASH_03_Case_Of_Identity_08.txt
005_ASH_03_Case_Of_Identity.txt,005,ASH_03_Case_Of_Identity,9,57,152,005_ASH_03_Case_Of_Identity_09.txt
005_ASH_03_Case_Of_Identity.txt,005,ASH_03_Case_Of_Identity,10,67,127,005_ASH_03_Case_Of_Identity_10.txt
005_ASH_03_Case_Of_Identity.txt,005,ASH_03_Case_Of_Identity,11,87,184,005_ASH_03_Case_Of_Identity_11.txt
005_ASH_03_Case_Of_Identity.txt,005,ASH_03_Case_Of_Identity,12,89,103,005_ASH_03_Case_Of_Identity_12.txt
005_ASH_03_Case_Of_Identity.txt,005,ASH_03_Case_Of_Identity,13,91,100,005_ASH_03_Case_Of_Identity_13.txt
005_ASH_03_Case_Of_Identity.txt,005,ASH_03_Case_Of_Identity,14,101,112,005_ASH_03_Case_Of_Identity_14.txt
005_ASH_03_Case_Of_Identity.txt,005,ASH_03_Case_Of_Identity,15,103,126,005_ASH_03_Case_Of_Identity_15.txt
005_ASH_03_Case_Of_Identity.txt,005,ASH_03_Case_Of_Identity,16,113,135,005_ASH_03_Case_Of_Identity_16.txt
005_ASH_03_Case_Of_Identity.txt,005,ASH_03_Case_Of_Identity,17,118,104,005_ASH_03_Case_Of_Identity_17.txt
005_ASH_03_Case_Of_Identity.txt,005,ASH_03_Case_Of_Identity,18,131,136,005_ASH_03_Case_Of_Identity_18.txt
005_ASH_03_Case_Of_Identity.txt,005,ASH_03_Case_Of_Identity,19,134,142,005_ASH_03_Case_Of_Identity_19.txt
005_ASH_03_Case_Of_Identity.txt,005,ASH_03_Case_Of_Identity,20,136,143,005_ASH_03_Case_Of_Identity_20.txt
008_ASH_06_Man_With_Twisted_Lip.txt,008,ASH_06_Man_With_Twisted_Lip,1,1,137,008_ASH_06_Man_With_Twisted_Lip_01.txt
008_ASH_06_Man_With_Twisted_Lip.txt,008,ASH_06_Man_With_Twisted_Lip,2,13,134,008_ASH_06_Man_With_Twisted_Lip_02.txt
008_ASH_06_Man_With_Twisted_Lip.txt,008,ASH_06_Man_With_Twisted_Lip,3,14,140,008_ASH_06_Man_With_Twisted_Lip_03.txt
008_ASH_06_Man_With_Twisted_Lip.txt,008,ASH_06_Man_With_Twisted_Lip,4,15,159,008_ASH_06_Man_With_Twisted_Lip_04.txt
008_ASH_06_Man_With_Twisted_Lip.txt,008,ASH_06_Man_With_Twisted_Lip,5,28,223,008_ASH_06_Man_With_Twisted_Lip_05.txt
008_ASH_06_Man_With_Twisted_Lip.txt,008,ASH_06_Man_With_Twisted_Lip,6,33,154,008_ASH_06_Man_With_Twisted_Lip_06.txt
008_ASH_06_Man_With_Twisted_Lip.txt,008,ASH_06_Man_With_Twisted_Lip,7,40,120,008_ASH_06_Man_With_Twisted_Lip_07.txt
008_ASH_06_Man_With_Twisted_Lip.txt,008,ASH_06_Man_With_Twisted_Lip,8,52,201,008_ASH_06_Man_With_Twisted_Lip_08.txt
008_ASH_06_Man_With_Twisted_Lip.txt,008,ASH_06_Man_With_Twisted_Lip,9,57,186,008_ASH_06_Man_With_Twisted_Lip_09.txt
008_ASH_06_Man_With_Twisted_Lip.txt,008,ASH_06_Man_With_Twisted_Lip,10,58,162,008_ASH_06_Man_With_Twisted_Lip_10.txt
008_ASH_06_Man_With_Twisted_Lip.txt,008,ASH_06_Man_With_Twisted_Lip,11,60,159,008_ASH_06_Man_With_Twisted_Lip_11.txt
008_ASH_06_Man_With_Twisted_Lip.txt,008,ASH_06_Man_With_Twisted_Lip,12,62,231,008_ASH_06_Man_With_Twisted_Lip_12.txt
008_ASH_06_Man_With_Twisted_Lip.txt,008,ASH_06_Man_With_Twisted_Lip,13,63,111,008_ASH_06_Man_With_Twisted_Lip_13.txt
008_ASH_06_Man_With_Twisted_Lip.txt,008,ASH_06_Man_With_Twisted_Lip,14,73,203,008_ASH_06_Man_With_Twisted_Lip_14.txt
008_ASH_06_Man_With_Twisted_Lip.txt,008,ASH_06_Man_With_Twisted_Lip,15,75,141,008_ASH_06_Man_With_Twisted_Lip_15.txt
008_ASH_06_Man_With_Twisted_Lip.txt,008,ASH_06_Man_With_Twisted_Lip,16,80,117,008_ASH_06_Man_With_Twisted_Lip_16.txt
008_ASH_06_Man_With_Twisted_Lip.txt,008,ASH_06_Man_With_Twisted_Lip,17,114,101,008_ASH_06_Man_With_Twisted_Lip_17.txt
008_ASH_06_Man_With_Twisted_Lip.txt,008,ASH_06_Man_With_Twisted_Lip,18,195,108,008_ASH_06_Man_With_Twisted_Lip_18.txt
008_ASH_06_Man_With_Twisted_Lip.txt,008,ASH_06_Man_With_Twisted_Lip,19,205,224,008_ASH_06_Man_With_Twisted_Lip_19.txt
008_ASH_06_Man_With_Twisted_Lip.txt,008,ASH_06_Man_With_Twisted_Lip,20,207,164,008_ASH_06_Man_With_Twisted_Lip_20.txt
009_ASH_07_Blue_Carbuncle.txt,009,ASH_07_Blue_Carbuncle,1,1,115,009_ASH_07_Blue_Carbuncle_01.txt
009_ASH_07_Blue_Carbuncle.txt,009,ASH_07_Blue_Carbuncle,2,24,110,009_ASH_07_Blue_Carbuncle_02.txt
009_ASH_07_Blue_Carbuncle.txt,009,ASH_07_Blue_Carbuncle,3,28,140,009_ASH_07_Blue_Carbuncle_03.txt
009_ASH_07_Blue_Carbuncle.txt,009,ASH_07_Blue_Carbuncle,4,38,126,009_ASH_07_Blue_Carbuncle_04.txt
009_ASH_07_Blue_Carbuncle.txt,009,ASH_07_Blue_Carbuncle,5,40,130,009_ASH_07_Blue_Carbuncle_05.txt
009_ASH_07_Blue_Carbuncle.txt,009,ASH_07_Blue_Carbuncle,6,62,153,009_ASH_07_Blue_Carbuncle_06.txt
009_ASH_07_Blue_Carbuncle.txt,009,ASH_07_Blue_Carbuncle,7,66,106,009_ASH_07_Blue_Carbuncle_07.txt
009_ASH_07_Blue_Carbuncle.txt,009,ASH_07_Blue_Carbuncle,8,71,180,009_ASH_07_Blue_Carbuncle_08.txt
009_ASH_07_Blue_Carbuncle.txt,009,ASH_07_Blue_Carbuncle,9,83,111,009_ASH_07_Blue_Carbuncle_09.txt
009_ASH_07_Blue_Carbuncle.txt,009,ASH_07_Blue_Carbuncle,10,94,125,009_ASH_07_Blue_Carbuncle_10.txt
009_ASH_07_Blue_Carbuncle.txt,009,ASH_07_Blue_Carbuncle,11,99,120,009_ASH_07_Blue_Carbuncle_11.txt
009_ASH_07_Blue_Carbuncle.txt,009,ASH_07_Blue_Carbuncle,12,109,113,009_ASH_07_Blue_Carbuncle_12.txt
009_ASH_07_Blue_Carbuncle.txt,009,ASH_07_Blue_Carbuncle,13,151,133,009_ASH_07_Blue_Carbuncle_13.txt
009_ASH_07_Blue_Carbuncle.txt,009,ASH_07_Blue_Carbuncle,14,184,129,009_ASH_07_Blue_Carbuncle_14.txt
009_ASH_07_Blue_Carbuncle.txt,009,ASH_07_Blue_Carbuncle,15,189,204,009_ASH_07_Blue_Carbuncle_15.txt
009_ASH_07_Blue_Carbuncle.txt,009,ASH_07_Blue_Carbuncle,16,190,179,009_ASH_07_Blue_Carbuncle_16.txt
009_ASH_07_Blue_Carbuncle.txt,009,ASH_07_Blue_Carbuncle,17,191,149,009_ASH_07_Blue_Carbuncle_17.txt
009_ASH_07_Blue_Carbuncle.txt,009,ASH_07_Blue_Carbuncle,18,201,102,009_ASH_07_Blue_Carbuncle_18.txt
009_ASH_07_Blue_Carbuncle.txt,009,ASH_07_Blue_Carbuncle,19,208,113,009_ASH_07_Blue_Carbuncle_19.txt
009_ASH_07_Blue_Carbuncle.txt,009,ASH_07_Blue_Carbuncle,20,214,143,009_ASH_07_Blue_Carbuncle_20.txt
010_ASH_08_Speckled_Band.txt,010,ASH_08_Speckled_Band,1,1,223,010_ASH_08_Speckled_Band_01.txt
010_ASH_08_Speckled_Band.txt,010,ASH_08_Speckled_Band,2,5,100,010_ASH_08_Speckled_Band_02.txt
010_ASH_08_Speckled_Band.txt,010,ASH_08_Speckled_Band,3,17,171,010_ASH_08_Speckled_Band_03.txt
010_ASH_08_Speckled_Band.txt,010,ASH_08_Speckled_Band,4,19,102,010_ASH_08_Speckled_Band_04.txt
010_ASH_08_Speckled_Band.txt,010,ASH_08_Speckled_Band,5,20,118,010_ASH_08_Speckled_Band_05.txt
010_ASH_08_Speckled_Band.txt,010,ASH_08_Speckled_Band,6,24,196,010_ASH_08_Speckled_Band_06.txt
010_ASH_08_Speckled_Band.txt,010,ASH_08_Speckled_Band,7,25,160,010_ASH_08_Speckled_Band_07.txt
010_ASH_08_Speckled_Band.txt,010,ASH_08_Speckled_Band,8,27,133,010_ASH_08_Speckled_Band_08.txt
010_ASH_08_Speckled_Band.txt,010,ASH_08_Speckled_Band,9,56,121,010_ASH_08_Speckled_Band_09.txt
010_ASH_08_Speckled_Band.txt,010,ASH_08_Speckled_Band,10,67,235,010_ASH_08_Speckled_Band_10.txt
010_ASH_08_Speckled_Band.txt,010,ASH_08_Speckled_Band,11,90,101,010_ASH_08_Speckled_Band_11.txt
010_ASH_08_Speckled_Band.txt,010,ASH_08_Speckled_Band,12,95,141,010_ASH_08_Speckled_Band_12.txt
010_ASH_08_Speckled_Band.txt,010,ASH_08_Speckled_Band,13,115,217,010_ASH_08_Speckled_Band_13.txt
010_ASH_08_Speckled_Band.txt,010,ASH_08_Speckled_Band,14,116,145,010_ASH_08_Speckled_Band_14.txt
010_ASH_08_Speckled_Band.txt,010,ASH_08_Speckled_Band,15,132,139,010_ASH_08_Speckled_Band_15.txt
010_ASH_08_Speckled_Band.txt,010,ASH_08_Speckled_Band,16,148,106,010_ASH_08_Speckled_Band_16.txt
010_ASH_08_Speckled_Band.txt,010,ASH_08_Speckled_Band,17,195,134,010_ASH_08_Speckled_Band_17.txt
010_ASH_08_Speckled_Band.txt,010,ASH_08_Speckled_Band,18,226,112,010_ASH_08_Speckled_Band_18.txt
010_ASH_08_Speckled_Band.txt,010,ASH_08_Speckled_Band,19,236,115,010_ASH_08_Speckled_Band_19.txt
010_ASH_08_Speckled_Band.txt,010,ASH_08_Speckled_Band,20,247,111,010_ASH_08_Speckled_Band_20.txt
013_ASH_11_Beryl_Coronet.txt,013,ASH_11_Beryl_Coronet,1,2,131,013_ASH_11_Beryl_Coronet_01.txt
013_ASH_11_Beryl_Coronet.txt,013,ASH_11_Beryl_Coronet,2,19,109,013_ASH_11_Beryl_Coronet_02.txt
013_ASH_11_Beryl_Coronet.txt,013,ASH_11_Beryl_Coronet,3,34,130,013_ASH_11_Beryl_Coronet_03.txt
013_ASH_11_Beryl_Coronet.txt,013,ASH_11_Beryl_Coronet,4,35,124,013_ASH_11_Beryl_Coronet_04.txt
013_ASH_11_Beryl_Coronet.txt,013,ASH_11_Beryl_Coronet,5,36,120,013_ASH_11_Beryl_Coronet_05.txt
013_ASH_11_Beryl_Coronet.txt,013,ASH_11_Beryl_Coronet,6,37,125,013_ASH_11_Beryl_Coronet_06.txt
013_ASH_11_Beryl_Coronet.txt,013,ASH_11_Beryl_Coronet,7,38,123,013_ASH_11_Beryl_Coronet_07.txt
013_ASH_11_Beryl_Coronet.txt,013,ASH_11_Beryl_Coronet,8,40,135,013_ASH_11_Beryl_Coronet_08.txt
013_ASH_11_Beryl_Coronet.txt,013,ASH_11_Beryl_Coronet,9,41,151,013_ASH_11_Beryl_Coronet_09.txt
013_ASH_11_Beryl_Coronet.txt,013,ASH_11_Beryl_Coronet,10,65,123,013_ASH_11_Beryl_Coronet_10.txt
013_ASH_11_Beryl_Coronet.txt,013,ASH_11_Beryl_Coronet,11,80,193,013_ASH_11_Beryl_Coronet_11.txt
013_ASH_11_Beryl_Coronet.txt,013,ASH_11_Beryl_Coronet,12,103,141,013_ASH_11_Beryl_Coronet_12.txt
013_ASH_11_Beryl_Coronet.txt,013,ASH_11_Beryl_Coronet,13,106,172,013_ASH_11_Beryl_Coronet_13.txt
013_ASH_11_Beryl_Coronet.txt,013,ASH_11_Beryl_Coronet,14,167,117,013_ASH_11_Beryl_Coronet_14.txt
013_ASH_11_Beryl_Coronet.txt,013,ASH_11_Beryl_Coronet,15,206,146,013_ASH_11_Beryl_Coronet_15.txt
013_ASH_11_Beryl_Coronet.txt,013,ASH_11_Beryl_Coronet,16,207,180,013_ASH_11_Beryl_Coronet_16.txt
013_ASH_11_Beryl_Coronet.txt,013,ASH_11_Beryl_Coronet,17,208,182,013_ASH_11_Beryl_Coronet_17.txt
013_ASH_11_Beryl_Coronet.txt,013,ASH_11_Beryl_Coronet,18,213,206,013_ASH_11_Beryl_Coronet_18.txt
013_ASH_11_Beryl_Coronet.txt,013,ASH_11_Beryl_Coronet,19,216,112,013_ASH_11_Beryl_Coronet_19.txt
013_ASH_11_Beryl_Coronet.txt,013,ASH_11_Beryl_Coronet,20,219,234,013_ASH_11_Beryl_Coronet_20.txt
016_MSH_02_Cardboard_Box.txt,016,MSH_02_Cardboard_Box,1,16,123,016_MSH_02_Cardboard_Box_01.txt
016_MSH_02_Cardboard_Box.txt,016,MSH_02_Cardboard_Box,2,26,131,016_MSH_02_Cardboard_Box_02.txt
016_MSH_02_Cardboard_Box.txt,016,MSH_02_Cardboard_Box,3,60,115,016_MSH_02_Cardboard_Box_03.txt
016_MSH_02_Cardboard_Box.txt,016,MSH_02_Cardboard_Box,4,89,103,016_MSH_02_Cardboard_Box_04.txt
016_MSH_02_Cardboard_Box.txt,016,MSH_02_Cardboard_Box,5,99,133,016_MSH_02_Cardboard_Box_05.txt
016_MSH_02_Cardboard_Box.txt,016,MSH_02_Cardboard_Box,6,105,136,016_MSH_02_Cardboard_Box_06.txt
016_MSH_02_Cardboard_Box.txt,016,MSH_02_Cardboard_Box,7,108,140,016_MSH_02_Cardboard_Box_07.txt
016_MSH_02_Cardboard_Box.txt,016,MSH_02_Cardboard_Box,8,109,116,016_MSH_02_Cardboard_Box_08.txt
016_MSH_02_Cardboard_Box.txt,016,MSH_02_Cardboard_Box,9,110,174,016_MSH_02_Cardboard_Box_09.txt
016_MSH_02_Cardboard_Box.txt,016,MSH_02_Cardboard_Box,10,111,102,016_MSH_02_Cardboard_Box_10.txt
016_MSH_02_Cardboard_Box.txt,016,MSH_02_Cardboard_Box,11,112,150,016_MSH_02_Cardboard_Box_11.txt
016_MSH_02_Cardboard_Box.txt,016,MSH_02_Cardboard_Box,12,120,127,016_MSH_02_Cardboard_Box_12.txt
016_MSH_02_Cardboard_Box.txt,016,MSH_02_Cardboard_Box,13,121,119,016_MSH_02_Cardboard_Box_13.txt
016_MSH_02_Cardboard_Box.txt,016,MSH_02_Cardboard_Box,14,125,216,016_MSH_02_Cardboard_Box_14.txt
016_MSH_02_Cardboard_Box.txt,016,MSH_02_Cardboard_Box,15,127,142,016_MSH_02_Cardboard_Box_15.txt
016_MSH_02_Cardboard_Box.txt,016,MSH_02_Cardboard_Box,16,128,223,016_MSH_02_Cardboard_Box_16.txt
016_MSH_02_Cardboard_Box.txt,016,MSH_02_Cardboard_Box,17,129,173,016_MSH_02_Cardboard_Box_17.txt
016_MSH_02_Cardboard_Box.txt,016,MSH_02_Cardboard_Box,18,131,122,016_MSH_02_Cardboard_Box_18.txt
016_MSH_02_Cardboard_Box.txt,016,MSH_02_Cardboard_Box,19,133,146,016_MSH_02_Cardboard_Box_19.txt
016_MSH_02_Cardboard_Box.txt,016,MSH_02_Cardboard_Box,20,135,111,016_MSH_02_Cardboard_Box_20.txt
020_MSH_06_Musgrave_Ritual.txt,020,MSH_06_Musgrave_Ritual,1,5,101,020_MSH_06_Musgrave_Ritual_01.txt
020_MSH_06_Musgrave_Ritual.txt,020,MSH_06_Musgrave_Ritual,2,17,136,020_MSH_06_Musgrave_Ritual_02.txt
020_MSH_06_Musgrave_Ritual.txt,020,MSH_06_Musgrave_Ritual,3,18,130,020_MSH_06_Musgrave_Ritual_03.txt
020_MSH_06_Musgrave_Ritual.txt,020,MSH_06_Musgrave_Ritual,4,19,196,020_MSH_06_Musgrave_Ritual_04.txt
020_MSH_06_Musgrave_Ritual.txt,020,MSH_06_Musgrave_Ritual,5,29,142,020_MSH_06_Musgrave_Ritual_05.txt
020_MSH_06_Musgrave_Ritual.txt,020,MSH_06_Musgrave_Ritual,6,30,171,020_MSH_06_Musgrave_Ritual_06.txt
020_MSH_06_Musgrave_Ritual.txt,020,MSH_06_Musgrave_Ritual,7,33,121,020_MSH_06_Musgrave_Ritual_07.txt
020_MSH_06_Musgrave_Ritual.txt,020,MSH_06_Musgrave_Ritual,8,34,188,020_MSH_06_Musgrave_Ritual_08.txt
020_MSH_06_Musgrave_Ritual.txt,020,MSH_06_Musgrave_Ritual,9,36,123,020_MSH_06_Musgrave_Ritual_09.txt
020_MSH_06_Musgrave_Ritual.txt,020,MSH_06_Musgrave_Ritual,10,53,168,020_MSH_06_Musgrave_Ritual_10.txt
020_MSH_06_Musgrave_Ritual.txt,020,MSH_06_Musgrave_Ritual,11,54,121,020_MSH_06_Musgrave_Ritual_11.txt
020_MSH_06_Musgrave_Ritual.txt,020,MSH_06_Musgrave_Ritual,12,55,125,020_MSH_06_Musgrave_Ritual_12.txt
020_MSH_06_Musgrave_Ritual.txt,020,MSH_06_Musgrave_Ritual,13,81,166,020_MSH_06_Musgrave_Ritual_13.txt
020_MSH_06_Musgrave_Ritual.txt,020,MSH_06_Musgrave_Ritual,14,82,106,020_MSH_06_Musgrave_Ritual_14.txt
020_MSH_06_Musgrave_Ritual.txt,020,MSH_06_Musgrave_Ritual,15,83,117,020_MSH_06_Musgrave_Ritual_15.txt
020_MSH_06_Musgrave_Ritual.txt,020,MSH_06_Musgrave_Ritual,16,101,106,020_MSH_06_Musgrave_Ritual_16.txt
020_MSH_06_Musgrave_Ritual.txt,020,MSH_06_Musgrave_Ritual,17,115,167,020_MSH_06_Musgrave_Ritual_17.txt
020_MSH_06_Musgrave_Ritual.txt,020,MSH_06_Musgrave_Ritual,18,116,116,020_MSH_06_Musgrave_Ritual_18.txt
020_MSH_06_Musgrave_Ritual.txt,020,MSH_06_Musgrave_Ritual,19,117,234,020_MSH_06_Musgrave_Ritual_19.txt
020_MSH_06_Musgrave_Ritual.txt,020,MSH_06_Musgrave_Ritual,20,118,180,020_MSH_06_Musgrave_Ritual_20.txt
022_MSH_08_Crooked_Man.txt,022,MSH_08_Crooked_Man,1,18,180,022_MSH_08_Crooked_Man_01.txt
022_MSH_08_Crooked_Man.txt,022,MSH_08_Crooked_Man,2,31,125,022_MSH_08_Crooked_Man_02.txt
022_MSH_08_Crooked_Man.txt,022,MSH_08_Crooked_Man,3,32,112,022_MSH_08_Crooked_Man_03.txt
022_MSH_08_Crooked_Man.txt,022,MSH_08_Crooked_Man,4,33,193,022_MSH_08_Crooked_Man_04.txt
022_MSH_08_Crooked_Man.txt,022,MSH_08_Crooked_Man,5,34,108,022_MSH_08_Crooked_Man_05.txt
022_MSH_08_Crooked_Man.txt,022,MSH_08_Crooked_Man,6,36,151,022_MSH_08_Crooked_Man_06.txt
022_MSH_08_Crooked_Man.txt,022,MSH_08_Crooked_Man,7,37,145,022_MSH_08_Crooked_Man_07.txt
022_MSH_08_Crooked_Man.txt,022,MSH_08_Crooked_Man,8,39,112,022_MSH_08_Crooked_Man_08.txt
022_MSH_08_Crooked_Man.txt,022,MSH_08_Crooked_Man,9,40,182,022_MSH_08_Crooked_Man_09.txt
022_MSH_08_Crooked_Man.txt,022,MSH_08_Crooked_Man,10,42,135,022_MSH_08_Crooked_Man_10.txt
022_MSH_08_Crooked_Man.txt,022,MSH_08_Crooked_Man,11,43,159,022_MSH_08_Crooked_Man_11.txt
022_MSH_08_Crooked_Man.txt,022,MSH_08_Crooked_Man,12,55,155,022_MSH_08_Crooked_Man_12.txt
022_MSH_08_Crooked_Man.txt,022,MSH_08_Crooked_Man,13,61,107,022_MSH_08_Crooked_Man_13.txt
022_MSH_08_Crooked_Man.txt,022,MSH_08_Crooked_Man,14,65,147,022_MSH_08_Crooked_Man_14.txt
022_MSH_08_Crooked_Man.txt,022,MSH_08_Crooked_Man,15,66,213,022_MSH_08_Crooked_Man_15.txt
022_MSH_08_Crooked_Man.txt,022,MSH_08_Crooked_Man,16,69,167,022_MSH_08_Crooked_Man_16.txt
022_MSH_08_Crooked_Man.txt,022,MSH_08_Crooked_Man,17,102,135,022_MSH_08_Crooked_Man_17.txt
022_MSH_08_Crooked_Man.txt,022,MSH_08_Crooked_Man,18,104,186,022_MSH_08_Crooked_Man_18.txt
022_MSH_08_Crooked_Man.txt,022,MSH_08_Crooked_Man,19,105,124,022_MSH_08_Crooked_Man_19.txt
022_MSH_08_Crooked_Man.txt,022,MSH_08_Crooked_Man,20,111,106,022_MSH_08_Crooked_Man_20.txt
025_MSH_11_Naval_Treaty.txt,025,MSH_11_Naval_Treaty,1,1,223,025_MSH_11_Naval_Treaty_01.txt
025_MSH_11_Naval_Treaty.txt,025,MSH_11_Naval_Treaty,2,4,182,025_MSH_11_Naval_Treaty_02.txt
025_MSH_11_Naval_Treaty.txt,025,MSH_11_Naval_Treaty,3,7,105,025_MSH_11_Naval_Treaty_03.txt
025_MSH_11_Naval_Treaty.txt,025,MSH_11_Naval_Treaty,4,8,107,025_MSH_11_Naval_Treaty_04.txt
025_MSH_11_Naval_Treaty.txt,025,MSH_11_Naval_Treaty,5,9,106,025_MSH_11_Naval_Treaty_05.txt
025_MSH_11_Naval_Treaty.txt,025,MSH_11_Naval_Treaty,6,19,113,025_MSH_11_Naval_Treaty_06.txt
025_MSH_11_Naval_Treaty.txt,025,MSH_11_Naval_Treaty,7,46,117,025_MSH_11_Naval_Treaty_07.txt
025_MSH_11_Naval_Treaty.txt,025,MSH_11_Naval_Treaty,8,48,151,025_MSH_11_Naval_Treaty_08.txt
025_MSH_11_Naval_Treaty.txt,025,MSH_11_Naval_Treaty,9,99,110,025_MSH_11_Naval_Treaty_09.txt
025_MSH_11_Naval_Treaty.txt,025,MSH_11_Naval_Treaty,10,104,100,025_MSH_11_Naval_Treaty_10.txt
025_MSH_11_Naval_Treaty.txt,025,MSH_11_Naval_Treaty,11,124,111,025_MSH_11_Naval_Treaty_11.txt
025_MSH_11_Naval_Treaty.txt,025,MSH_11_Naval_Treaty,12,168,112,025_MSH_11_Naval_Treaty_12.txt
025_MSH_11_Naval_Treaty.txt,025,MSH_11_Naval_Treaty,13,247,154,025_MSH_11_Naval_Treaty_13.txt
025_MSH_11_Naval_Treaty.txt,025,MSH_11_Naval_Treaty,14,248,137,025_MSH_11_Naval_Treaty_14.txt
025_MSH_11_Naval_Treaty.txt,025,MSH_11_Naval_Treaty,15,250,144,025_MSH_11_Naval_Treaty_15.txt
025_MSH_11_Naval_Treaty.txt,025,MSH_11_Naval_Treaty,16,294,106,025_MSH_11_Naval_Treaty_16.txt
025_MSH_11_Naval_Treaty.txt,025,MSH_11_Naval_Treaty,17,321,122,025_MSH_11_Naval_Treaty_17.txt
025_MSH_11_Naval_Treaty.txt,025,MSH_11_Naval_Treaty,18,361,135,025_MSH_11_Naval_Treaty_18.txt
025_MSH_11_Naval_Treaty.txt,025,MSH_11_Naval_Treaty,19,362,148,025_MSH_11_Naval_Treaty_19.txt
025_MSH_11_Naval_Treaty.txt,025,MSH_11_Naval_Treaty,20,373,136,025_MSH_11_Naval_Treaty_20.txt
026_MSH_12_Final_Problem.txt,026,MSH_12_Final_Problem,1,2,169,026_MSH_12_Final_Problem_01.txt
026_MSH_12_Final_Problem.txt,026,MSH_12_Final_Problem,2,24,167,026_MSH_12_Final_Problem_02.txt
026_MSH_12_Final_Problem.txt,026,MSH_12_Final_Problem,3,26,158,026_MSH_12_Final_Problem_03.txt
026_MSH_12_Final_Problem.txt,026,MSH_12_Final_Problem,4,27,138,026_MSH_12_Final_Problem_04.txt
026_MSH_12_Final_Problem.txt,026,MSH_12_Final_Problem,5,28,178,026_MSH_12_Final_Problem_05.txt
026_MSH_12_Final_Problem.txt,026,MSH_12_Final_Problem,6,29,201,026_MSH_12_Final_Problem_06.txt
026_MSH_12_Final_Problem.txt,026,MSH_12_Final_Problem,7,30,153,026_MSH_12_Final_Problem_07.txt
026_MSH_12_Final_Problem.txt,026,MSH_12_Final_Problem,8,31,114,026_MSH_12_Final_Problem_08.txt
026_MSH_12_Final_Problem.txt,026,MSH_12_Final_Problem,9,62,198,026_MSH_12_Final_Problem_09.txt
026_MSH_12_Final_Problem.txt,026,MSH_12_Final_Problem,10,68,102,026_MSH_12_Final_Problem_10.txt
026_MSH_12_Final_Problem.txt,026,MSH_12_Final_Problem,11,69,234,026_MSH_12_Final_Problem_11.txt
026_MSH_12_Final_Problem.txt,026,MSH_12_Final_Problem,12,118,111,026_MSH_12_Final_Problem_12.txt
026_MSH_12_Final_Problem.txt,026,MSH_12_Final_Problem,13,122,111,026_MSH_12_Final_Problem_13.txt
026_MSH_12_Final_Problem.txt,026,MSH_12_Final_Problem,14,123,137,026_MSH_12_Final_Problem_14.txt
026_MSH_12_Final_Problem.txt,026,MSH_12_Final_Problem,15,125,128,026_MSH_12_Final_Problem_15.txt
026_MSH_12_Final_Problem.txt,026,MSH_12_Final_Problem,16,133,108,026_MSH_12_Final_Problem_16.txt
026_MSH_12_Final_Problem.txt,026,MSH_12_Final_Problem,17,135,217,026_MSH_12_Final_Problem_17.txt
026_MSH_12_Final_Problem.txt,026,MSH_12_Final_Problem,18,136,138,026_MSH_12_Final_Problem_18.txt
026_MSH_12_Final_Problem.txt,026,MSH_12_Final_Problem,19,137,244,026_MSH_12_Final_Problem_19.txt
026_MSH_12_Final_Problem.txt,026,MSH_12_Final_Problem,20,140,213,026_MSH_12_Final_Problem_20.txt
029_RSH_01_Empty_House.txt,029,RSH_01_Empty_House,1,2,218,029_RSH_01_Empty_House_01.txt
029_RSH_01_Empty_House.txt,029,RSH_01_Empty_House,2,3,160,029_RSH_01_Empty_House_02.txt
029_RSH_01_Empty_House.txt,029,RSH_01_Empty_House,3,4,189,029_RSH_01_Empty_House_03.txt
029_RSH_01_Empty_House.txt,029,RSH_01_Empty_House,4,5,219,029_RSH_01_Empty_House_04.txt
029_RSH_01_Empty_House.txt,029,RSH_01_Empty_House,5,8,147,029_RSH_01_Empty_House_05.txt
029_RSH_01_Empty_House.txt,029,RSH_01_Empty_House,6,27,239,029_RSH_01_Empty_House_06.txt
029_RSH_01_Empty_House.txt,029,RSH_01_Empty_House,7,30,156,029_RSH_01_Empty_House_07.txt
029_RSH_01_Empty_House.txt,029,RSH_01_Empty_House,8,32,193,029_RSH_01_Empty_House_08.txt
029_RSH_01_Empty_House.txt,029,RSH_01_Empty_House,9,33,143,029_RSH_01_Empty_House_09.txt
029_RSH_01_Empty_House.txt,029,RSH_01_Empty_House,10,35,161,029_RSH_01_Empty_House_10.txt
029_RSH_01_Empty_House.txt,029,RSH_01_Empty_House,11,36,123,029_RSH_01_Empty_House_11.txt
029_RSH_01_Empty_House.txt,029,RSH_01_Empty_House,12,37,162,029_RSH_01_Empty_House_12.txt
029_RSH_01_Empty_House.txt,029,RSH_01_Empty_House,13,38,140,029_RSH_01_Empty_House_13.txt
029_RSH_01_Empty_House.txt,029,RSH_01_Empty_House,14,44,138,029_RSH_01_Empty_House_14.txt
029_RSH_01_Empty_House.txt,029,RSH_01_Empty_House,15,62,218,029_RSH_01_Empty_House_15.txt
029_RSH_01_Empty_House.txt,029,RSH_01_Empty_House,16,68,109,029_RSH_01_Empty_House_16.txt
029_RSH_01_Empty_House.txt,029,RSH_01_Empty_House,17,87,173,029_RSH_01_Empty_House_17.txt
029_RSH_01_Empty_House.txt,029,RSH_01_Empty_House,18,105,120,029_RSH_01_Empty_House_18.txt
029_RSH_01_Empty_House.txt,029,RSH_01_Empty_House,19,107,228,029_RSH_01_Empty_House_19.txt
029_RSH_01_Empty_House.txt,029,RSH_01_Empty_House,20,112,192,029_RSH_01_Empty_House_20.txt
030_RSH_02_Norwood_Builder.txt,030,RSH_02_Norwood_Builder,1,3,163,030_RSH_02_Norwood_Builder_01.txt
030_RSH_02_Norwood_Builder.txt,030,RSH_02_Norwood_Builder,2,5,100,030_RSH_02_Norwood_Builder_02.txt
030_RSH_02_Norwood_Builder.txt,030,RSH_02_Norwood_Builder,3,6,116,030_RSH_02_Norwood_Builder_03.txt
030_RSH_02_Norwood_Builder.txt,030,RSH_02_Norwood_Builder,4,9,112,030_RSH_02_Norwood_Builder_04.txt
030_RSH_02_Norwood_Builder.txt,030,RSH_02_Norwood_Builder,5,22,198,030_RSH_02_Norwood_Builder_05.txt
030_RSH_02_Norwood_Builder.txt,030,RSH_02_Norwood_Builder,6,25,114,030_RSH_02_Norwood_Builder_06.txt
030_RSH_02_Norwood_Builder.txt,030,RSH_02_Norwood_Builder,7,40,113,030_RSH_02_Norwood_Builder_07.txt
030_RSH_02_Norwood_Builder.txt,030,RSH_02_Norwood_Builder,8,49,119,030_RSH_02_Norwood_Builder_08.txt
030_RSH_02_Norwood_Builder.txt,030,RSH_02_Norwood_Builder,9,69,154,030_RSH_02_Norwood_Builder_09.txt
030_RSH_02_Norwood_Builder.txt,030,RSH_02_Norwood_Builder,10,86,150,030_RSH_02_Norwood_Builder_10.txt
030_RSH_02_Norwood_Builder.txt,030,RSH_02_Norwood_Builder,11,90,142,030_RSH_02_Norwood_Builder_11.txt
030_RSH_02_Norwood_Builder.txt,030,RSH_02_Norwood_Builder,12,92,120,030_RSH_02_Norwood_Builder_12.txt
030_RSH_02_Norwood_Builder.txt,030,RSH_02_Norwood_Builder,13,98,135,030_RSH_02_Norwood_Builder_13.txt
030_RSH_02_Norwood_Builder.txt,030,RSH_02_Norwood_Builder,14,99,236,030_RSH_02_Norwood_Builder_14.txt
030_RSH_02_Norwood_Builder.txt,030,RSH_02_Norwood_Builder,15,100,110,030_RSH_02_Norwood_Builder_15.txt
030_RSH_02_Norwood_Builder.txt,030,RSH_02_Norwood_Builder,16,111,121,030_RSH_02_Norwood_Builder_16.txt
030_RSH_02_Norwood_Builder.txt,030,RSH_02_Norwood_Builder,17,189,100,030_RSH_02_Norwood_Builder_17.txt
030_RSH_02_Norwood_Builder.txt,030,RSH_02_Norwood_Builder,18,201,177,030_RSH_02_Norwood_Builder_18.txt
030_RSH_02_Norwood_Builder.txt,030,RSH_02_Norwood_Builder,19,204,176,030_RSH_02_Norwood_Builder_19.txt
030_RSH_02_Norwood_Builder.txt,030,RSH_02_Norwood_Builder,20,206,177,030_RSH_02_Norwood_Builder_20.txt
031_RSH_03_Dancing_Men.txt,031,RSH_03_Dancing_Men,1,12,111,031_RSH_03_Dancing_Men_01.txt
031_RSH_03_Dancing_Men.txt,031,RSH_03_Dancing_Men,2,14,122,031_RSH_03_Dancing_Men_02.txt
031_RSH_03_Dancing_Men.txt,031,RSH_03_Dancing_Men,3,30,201,031_RSH_03_Dancing_Men_03.txt
031_RSH_03_Dancing_Men.txt,031,RSH_03_Dancing_Men,4,31,178,031_RSH_03_Dancing_Men_04.txt
031_RSH_03_Dancing_Men.txt,031,RSH_03_Dancing_Men,5,42,182,031_RSH_03_Dancing_Men_05.txt
031_RSH_03_Dancing_Men.txt,031,RSH_03_Dancing_Men,6,61,139,031_RSH_03_Dancing_Men_06.txt
031_RSH_03_Dancing_Men.txt,031,RSH_03_Dancing_Men,7,65,197,031_RSH_03_Dancing_Men_07.txt
031_RSH_03_Dancing_Men.txt,031,RSH_03_Dancing_Men,8,73,174,031_RSH_03_Dancing_Men_08.txt
031_RSH_03_Dancing_Men.txt,031,RSH_03_Dancing_Men,9,93,167,031_RSH_03_Dancing_Men_09.txt
031_RSH_03_Dancing_Men.txt,031,RSH_03_Dancing_Men,10,101,162,031_RSH_03_Dancing_Men_10.txt
031_RSH_03_Dancing_Men.txt,031,RSH_03_Dancing_Men,11,118,236,031_RSH_03_Dancing_Men_11.txt
031_RSH_03_Dancing_Men.txt,031,RSH_03_Dancing_Men,12,120,117,031_RSH_03_Dancing_Men_12.txt
031_RSH_03_Dancing_Men.txt,031,RSH_03_Dancing_Men,13,159,114,031_RSH_03_Dancing_Men_13.txt
031_RSH_03_Dancing_Men.txt,031,RSH_03_Dancing_Men,14,160,221,031_RSH_03_Dancing_Men_14.txt
031_RSH_03_Dancing_Men.txt,031,RSH_03_Dancing_Men,15,162,219,031_RSH_03_Dancing_Men_15.txt
031_RSH_03_Dancing_Men.txt,031,RSH_03_Dancing_Men,16,163,190,031_RSH_03_Dancing_Men_16.txt
031_RSH_03_Dancing_Men.txt,031,RSH_03_Dancing_Men,17,196,106,031_RSH_03_Dancing_Men_17.txt
031_RSH_03_Dancing_Men.txt,031,RSH_03_Dancing_Men,18,197,108,031_RSH_03_Dancing_Men_18.txt
031_RSH_03_Dancing_Men.txt,031,RSH_03_Dancing_Men,19,205,192,031_RSH_03_Dancing_Men_19.txt
031_RSH_03_Dancing_Men.txt,031,RSH_03_Dancing_Men,20,215,107,031_RSH_03_Dancing_Men_20.txt
032_RSH_04_Solitary_Cyclist.txt,032,RSH_04_Solitary_Cyclist,1,20,214,032_RSH_04_Solitary_Cyclist_01.txt
032_RSH_04_Solitary_Cyclist.txt,032,RSH_04_Solitary_Cyclist,2,21,170,032_RSH_04_Solitary_Cyclist_02.txt
032_RSH_04_Solitary_Cyclist.txt,032,RSH_04_Solitary_Cyclist,3,23,240,032_RSH_04_Solitary_Cyclist_03.txt
032_RSH_04_Solitary_Cyclist.txt,032,RSH_04_Solitary_Cyclist,4,54,101,032_RSH_04_Solitary_Cyclist_04.txt
032_RSH_04_Solitary_Cyclist.txt,032,RSH_04_Solitary_Cyclist,5,55,136,032_RSH_04_Solitary_Cyclist_05.txt
032_RSH_04_Solitary_Cyclist.txt,032,RSH_04_Solitary_Cyclist,6,56,120,032_RSH_04_Solitary_Cyclist_06.txt
032_RSH_04_Solitary_Cyclist.txt,032,RSH_04_Solitary_Cyclist,7,57,194,032_RSH_04_Solitary_Cyclist_07.txt
032_RSH_04_Solitary_Cyclist.txt,032,RSH_04_Solitary_Cyclist,8,58,114,032_RSH_04_Solitary_Cyclist_08.txt
032_RSH_04_Solitary_Cyclist.txt,032,RSH_04_Solitary_Cyclist,9,59,119,032_RSH_04_Solitary_Cyclist_09.txt
032_RSH_04_Solitary_Cyclist.txt,032,RSH_04_Solitary_Cyclist,10,61,119,032_RSH_04_Solitary_Cyclist_10.txt
032_RSH_04_Solitary_Cyclist.txt,032,RSH_04_Solitary_Cyclist,11,63,129,032_RSH_04_Solitary_Cyclist_11.txt
032_RSH_04_Solitary_Cyclist.txt,032,RSH_04_Solitary_Cyclist,12,65,146,032_RSH_04_Solitary_Cyclist_12.txt
032_RSH_04_Solitary_Cyclist.txt,032,RSH_04_Solitary_Cyclist,13,72,156,032_RSH_04_Solitary_Cyclist_13.txt
032_RSH_04_Solitary_Cyclist.txt,032,RSH_04_Solitary_Cyclist,14,74,181,032_RSH_04_Solitary_Cyclist_14.txt
032_RSH_04_Solitary_Cyclist.txt,032,RSH_04_Solitary_Cyclist,15,75,156,032_RSH_04_Solitary_Cyclist_15.txt
032_RSH_04_Solitary_Cyclist.txt,032,RSH_04_Solitary_Cyclist,16,77,116,032_RSH_04_Solitary_Cyclist_16.txt
032_RSH_04_Solitary_Cyclist.txt,032,RSH_04_Solitary_Cyclist,17,95,120,032_RSH_04_Solitary_Cyclist_17.txt
032_RSH_04_Solitary_Cyclist.txt,032,RSH_04_Solitary_Cyclist,18,119,168,032_RSH_04_Solitary_Cyclist_18.txt
032_RSH_04_Solitary_Cyclist.txt,032,RSH_04_Solitary_Cyclist,19,144,219,032_RSH_04_Solitary_Cyclist_19.txt
032_RSH_04_Solitary_Cyclist.txt,032,RSH_04_Solitary_Cyclist,20,145,183,032_RSH_04_Solitary_Cyclist_20.txt
034_RSH_06_Black_Peter.txt,034,RSH_06_Black_Peter,1,1,153,034_RSH_06_Black_Peter_01.txt
034_RSH_06_Black_Peter.txt,034,RSH_06_Black_Peter,2,2,113,034_RSH_06_Black_Peter_02.txt
034_RSH_06_Black_Peter.txt,034,RSH_06_Black_Peter,3,3,161,034_RSH_06_Black_Peter_03.txt
034_RSH_06_Black_Peter.txt,034,RSH_06_Black_Peter,4,28,104,034_RSH_06_Black_Peter_04.txt
034_RSH_06_Black_Peter.txt,034,RSH_06_Black_Peter,5,29,110,034_RSH_06_Black_Peter_05.txt
034_RSH_06_Black_Peter.txt,034,RSH_06_Black_Peter,6,31,161,034_RSH_06_Black_Peter_06.txt
034_RSH_06_Black_Peter.txt,034,RSH_06_Black_Peter,7,32,132,034_RSH_06_Black_Peter_07.txt
034_RSH_06_Black_Peter.txt,034,RSH_06_Black_Peter,8,33,170,034_RSH_06_Black_Peter_08.txt
034_RSH_06_Black_Peter.txt,034,RSH_06_Black_Peter,9,40,153,034_RSH_06_Black_Peter_09.txt
034_RSH_06_Black_Peter.txt,034,RSH_06_Black_Peter,10,53,131,034_RSH_06_Black_Peter_10.txt
034_RSH_06_Black_Peter.txt,034,RSH_06_Black_Peter,11,76,158,034_RSH_06_Black_Peter_11.txt
034_RSH_06_Black_Peter.txt,034,RSH_06_Black_Peter,12,77,142,034_RSH_06_Black_Peter_12.txt
034_RSH_06_Black_Peter.txt,034,RSH_06_Black_Peter,13,94,104,034_RSH_06_Black_Peter_13.txt
034_RSH_06_Black_Peter.txt,034,RSH_06_Black_Peter,14,97,140,034_RSH_06_Black_Peter_14.txt
034_RSH_06_Black_Peter.txt,034,RSH_06_Black_Peter,15,98,234,034_RSH_06_Black_Peter_15.txt
034_RSH_06_Black_Peter.txt,034,RSH_06_Black_Peter,16,117,129,034_RSH_06_Black_Peter_16.txt
034_RSH_06_Black_Peter.txt,034,RSH_06_Black_Peter,17,118,130,034_RSH_06_Black_Peter_17.txt
034_RSH_06_Black_Peter.txt,034,RSH_06_Black_Peter,18,143,200,034_RSH_06_Black_Peter_18.txt
034_RSH_06_Black_Peter.txt,034,RSH_06_Black_Peter,19,144,155,034_RSH_06_Black_Peter_19.txt
034_RSH_06_Black_Peter.txt,034,RSH_06_Black_Peter,20,190,151,034_RSH_06_Black_Peter_20.txt
040_RSH_12_Abbey_Grange.txt,040,RSH_12_Abbey_Grange,1,7,117,040_RSH_12_Abbey_Grange_01.txt
040_RSH_12_Abbey_Grange.txt,040,RSH_12_Abbey_Grange,2,11,106,040_RSH_12_Abbey_Grange_02.txt
040_RSH_12_Abbey_Grange.txt,040,RSH_12_Abbey_Grange,3,14,116,040_RSH_12_Abbey_Grange_03.txt
040_RSH_12_Abbey_Grange.txt,040,RSH_12_Abbey_Grange,4,22,147,040_RSH_12_Abbey_Grange_04.txt
040_RSH_12_Abbey_Grange.txt,040,RSH_12_Abbey_Grange,5,28,233,040_RSH_12_Abbey_Grange_05.txt
040_RSH_12_Abbey_Grange.txt,040,RSH_12_Abbey_Grange,6,33,151,040_RSH_12_Abbey_Grange_06.txt
040_RSH_12_Abbey_Grange.txt,040,RSH_12_Abbey_Grange,7,36,101,040_RSH_12_Abbey_Grange_07.txt
040_RSH_12_Abbey_Grange.txt,040,RSH_12_Abbey_Grange,8,37,159,040_RSH_12_Abbey_Grange_08.txt
040_RSH_12_Abbey_Grange.txt,040,RSH_12_Abbey_Grange,9,38,138,040_RSH_12_Abbey_Grange_09.txt
040_RSH_12_Abbey_Grange.txt,040,RSH_12_Abbey_Grange,10,46,134,040_RSH_12_Abbey_Grange_10.txt
040_RSH_12_Abbey_Grange.txt,040,RSH_12_Abbey_Grange,11,71,143,040_RSH_12_Abbey_Grange_11.txt
040_RSH_12_Abbey_Grange.txt,040,RSH_12_Abbey_Grange,12,73,211,040_RSH_12_Abbey_Grange_12.txt
040_RSH_12_Abbey_Grange.txt,040,RSH_12_Abbey_Grange,13,86,151,040_RSH_12_Abbey_Grange_13.txt
040_RSH_12_Abbey_Grange.txt,040,RSH_12_Abbey_Grange,14,96,107,040_RSH_12_Abbey_Grange_14.txt
040_RSH_12_Abbey_Grange.txt,040,RSH_12_Abbey_Grange,15,118,107,040_RSH_12_Abbey_Grange_15.txt
040_RSH_12_Abbey_Grange.txt,040,RSH_12_Abbey_Grange,16,162,147,040_RSH_12_Abbey_Grange_16.txt
040_RSH_12_Abbey_Grange.txt,040,RSH_12_Abbey_Grange,17,165,216,040_RSH_12_Abbey_Grange_17.txt
040_RSH_12_Abbey_Grange.txt,040,RSH_12_Abbey_Grange,18,167,128,040_RSH_12_Abbey_Grange_18.txt
040_RSH_12_Abbey_Grange.txt,040,RSH_12_Abbey_Grange,19,169,101,040_RSH_12_Abbey_Grange_19.txt
040_RSH_12_Abbey_Grange.txt,040,RSH_12_Abbey_Grange,20,175,102,040_RSH_12_Abbey_Grange_20.txt
041_RSH_13_Second_Stain.txt,041,RSH_13_Second_Stain,1,2,173,041_RSH_13_Second_Stain_01.txt
041_RSH_13_Second_Stain.txt,041,RSH_13_Second_Stain,2,9,141,041_RSH_13_Second_Stain_02.txt
041_RSH_13_Second_Stain.txt,041,RSH_13_Second_Stain,3,29,122,041_RSH_13_Second_Stain_03.txt
041_RSH_13_Second_Stain.txt,041,RSH_13_Second_Stain,4,45,115,041_RSH_13_Second_Stain_04.txt
041_RSH_13_Second_Stain.txt,041,RSH_13_Second_Stain,5,65,126,041_RSH_13_Second_Stain_05.txt
041_RSH_13_Second_Stain.txt,041,RSH_13_Second_Stain,6,70,119,041_RSH_13_Second_Stain_06.txt
041_RSH_13_Second_Stain.txt,041,RSH_13_Second_Stain,7,77,130,041_RSH_13_Second_Stain_07.txt
041_RSH_13_Second_Stain.txt,041,RSH_13_Second_Stain,8,91,117,041_RSH_13_Second_Stain_08.txt
041_RSH_13_Second_Stain.txt,041,RSH_13_Second_Stain,9,94,145,041_RSH_13_Second_Stain_09.txt
041_RSH_13_Second_Stain.txt,041,RSH_13_Second_Stain,10,99,212,041_RSH_13_Second_Stain_10.txt
041_RSH_13_Second_Stain.txt,041,RSH_13_Second_Stain,11,123,248,041_RSH_13_Second_Stain_11.txt
041_RSH_13_Second_Stain.txt,041,RSH_13_Second_Stain,12,124,220,041_RSH_13_Second_Stain_12.txt
041_RSH_13_Second_Stain.txt,041,RSH_13_Second_Stain,13,131,164,041_RSH_13_Second_Stain_13.txt
041_RSH_13_Second_Stain.txt,041,RSH_13_Second_Stain,14,134,114,041_RSH_13_Second_Stain_14.txt
041_RSH_13_Second_Stain.txt,041,RSH_13_Second_Stain,15,158,106,041_RSH_13_Second_Stain_15.txt
041_RSH_13_Second_Stain.txt,041,RSH_13_Second_Stain,16,164,113,041_RSH_13_Second_Stain_16.txt
041_RSH_13_Second_Stain.txt,041,RSH_13_Second_Stain,17,180,124,041_RSH_13_Second_Stain_17.txt
041_RSH_13_Second_Stain.txt,041,RSH_13_Second_Stain,18,226,153,041_RSH_13_Second_Stain_18.txt
041_RSH_13_Second_Stain.txt,041,RSH_13_Second_Stain,19,231,105,041_RSH_13_Second_Stain_19.txt
041_RSH_13_Second_Stain.txt,041,RSH_13_Second_Stain,20,232,212,041_RSH_13_Second_Stain_20.txt
042_HLB_1_Wisteria_Lodge_MULTIPART.txt,042,HLB_1_Wisteria_Lodge_MULTIPART,1,6,102,042_HLB_1_Wisteria_Lodge_MULTIPART_01.txt
042_HLB_1_Wisteria_Lodge_MULTIPART.txt,042,HLB_1_Wisteria_Lodge_MULTIPART,2,53,147,042_HLB_1_Wisteria_Lodge_MULTIPART_02.txt
042_HLB_1_Wisteria_Lodge_MULTIPART.txt,042,HLB_1_Wisteria_Lodge_MULTIPART,3,54,202,042_HLB_1_Wisteria_Lodge_MULTIPART_03.txt
042_HLB_1_Wisteria_Lodge_MULTIPART.txt,042,HLB_1_Wisteria_Lodge_MULTIPART,4,75,104,042_HLB_1_Wisteria_Lodge_MULTIPART_04.txt
042_HLB_1_Wisteria_Lodge_MULTIPART.txt,042,HLB_1_Wisteria_Lodge_MULTIPART,5,110,150,042_HLB_1_Wisteria_Lodge_MULTIPART_05.txt
042_HLB_1_Wisteria_Lodge_MULTIPART.txt,042,HLB_1_Wisteria_Lodge_MULTIPART,6,139,111,042_HLB_1_Wisteria_Lodge_MULTIPART_06.txt
042_HLB_1_Wisteria_Lodge_MULTIPART.txt,042,HLB_1_Wisteria_Lodge_MULTIPART,7,149,109,042_HLB_1_Wisteria_Lodge_MULTIPART_07.txt
042_HLB_1_Wisteria_Lodge_MULTIPART.txt,042,HLB_1_Wisteria_Lodge_MULTIPART,8,167,103,042_HLB_1_Wisteria_Lodge_MULTIPART_08.txt
042_HLB_1_Wisteria_Lodge_MULTIPART.txt,042,HLB_1_Wisteria_Lodge_MULTIPART,9,194,115,042_HLB_1_Wisteria_Lodge_MULTIPART_09.txt
042_HLB_1_Wisteria_Lodge_MULTIPART.txt,042,HLB_1_Wisteria_Lodge_MULTIPART,10,199,172,042_HLB_1_Wisteria_Lodge_MULTIPART_10.txt
042_HLB_1_Wisteria_Lodge_MULTIPART.txt,042,HLB_1_Wisteria_Lodge_MULTIPART,11,200,150,042_HLB_1_Wisteria_Lodge_MULTIPART_11.txt
042_HLB_1_Wisteria_Lodge_MULTIPART.txt,042,HLB_1_Wisteria_Lodge_MULTIPART,12,201,138,042_HLB_1_Wisteria_Lodge_MULTIPART_12.txt
042_HLB_1_Wisteria_Lodge_MULTIPART.txt,042,HLB_1_Wisteria_Lodge_MULTIPART,13,203,163,042_HLB_1_Wisteria_Lodge_MULTIPART_13.txt
042_HLB_1_Wisteria_Lodge_MULTIPART.txt,042,HLB_1_Wisteria_Lodge_MULTIPART,14,204,119,042_HLB_1_Wisteria_Lodge_MULTIPART_14.txt
042_HLB_1_Wisteria_Lodge_MULTIPART.txt,042,HLB_1_Wisteria_Lodge_MULTIPART,15,205,153,042_HLB_1_Wisteria_Lodge_MULTIPART_15.txt
042_HLB_1_Wisteria_Lodge_MULTIPART.txt,042,HLB_1_Wisteria_Lodge_MULTIPART,16,214,105,042_HLB_1_Wisteria_Lodge_MULTIPART_16.txt
042_HLB_1_Wisteria_Lodge_MULTIPART.txt,042,HLB_1_Wisteria_Lodge_MULTIPART,17,234,107,042_HLB_1_Wisteria_Lodge_MULTIPART_17.txt
042_HLB_1_Wisteria_Lodge_MULTIPART.txt,042,HLB_1_Wisteria_Lodge_MULTIPART,18,235,178,042_HLB_1_Wisteria_Lodge_MULTIPART_18.txt
042_HLB_1_Wisteria_Lodge_MULTIPART.txt,042,HLB_1_Wisteria_Lodge_MULTIPART,19,244,123,042_HLB_1_Wisteria_Lodge_MULTIPART_19.txt
042_HLB_1_Wisteria_Lodge_MULTIPART.txt,042,HLB_1_Wisteria_Lodge_MULTIPART,20,246,137,042_HLB_1_Wisteria_Lodge_MULTIPART_20.txt
043_HLB_2_Bruce_Partington_Plans.txt,043,HLB_2_Bruce_Partington_Plans,1,1,148,043_HLB_2_Bruce_Partington_Plans_01.txt
043_HLB_2_Bruce_Partington_Plans.txt,043,HLB_2_Bruce_Partington_Plans,2,27,243,043_HLB_2_Bruce_Partington_Plans_02.txt
043_HLB_2_Bruce_Partington_Plans.txt,043,HLB_2_Bruce_Partington_Plans,3,37,102,043_HLB_2_Bruce_Partington_Plans_03.txt
043_HLB_2_Bruce_Partington_Plans.txt,043,HLB_2_Bruce_Partington_Plans,4,54,168,043_HLB_2_Bruce_Partington_Plans_04.txt
043_HLB_2_Bruce_Partington_Plans.txt,043,HLB_2_Bruce_Partington_Plans,5,56,103,043_HLB_2_Bruce_Partington_Plans_05.txt
043_HLB_2_Bruce_Partington_Plans.txt,043,HLB_2_Bruce_Partington_Plans,6,61,143,043_HLB_2_Bruce_Partington_Plans_06.txt
043_HLB_2_Bruce_Partington_Plans.txt,043,HLB_2_Bruce_Partington_Plans,7,119,101,043_HLB_2_Bruce_Partington_Plans_07.txt
043_HLB_2_Bruce_Partington_Plans.txt,043,HLB_2_Bruce_Partington_Plans,8,124,108,043_HLB_2_Bruce_Partington_Plans_08.txt
043_HLB_2_Bruce_Partington_Plans.txt,043,HLB_2_Bruce_Partington_Plans,9,207,117,043_HLB_2_Bruce_Partington_Plans_09.txt
043_HLB_2_Bruce_Partington_Plans.txt,043,HLB_2_Bruce_Partington_Plans,10,211,176,043_HLB_2_Bruce_Partington_Plans_10.txt
043_HLB_2_Bruce_Partington_Plans.txt,043,HLB_2_Bruce_Partington_Plans,11,213,177,043_HLB_2_Bruce_Partington_Plans_11.txt
043_HLB_2_Bruce_Partington_Plans.txt,043,HLB_2_Bruce_Partington_Plans,12,215,102,043_HLB_2_Bruce_Partington_Plans_12.txt
043_HLB_2_Bruce_Partington_Plans.txt,043,HLB_2_Bruce_Partington_Plans,13,217,144,043_HLB_2_Bruce_Partington_Plans_13.txt
043_HLB_2_Bruce_Partington_Plans.txt,043,HLB_2_Bruce_Partington_Plans,14,234,121,043_HLB_2_Bruce_Partington_Plans_14.txt
043_HLB_2_Bruce_Partington_Plans.txt,043,HLB_2_Bruce_Partington_Plans,15,255,106,043_HLB_2_Bruce_Partington_Plans_15.txt
043_HLB_2_Bruce_Partington_Plans.txt,043,HLB_2_Bruce_Partington_Plans,16,284,202,043_HLB_2_Bruce_Partington_Plans_16.txt
043_HLB_2_Bruce_Partington_Plans.txt,043,HLB_2_Bruce_Partington_Plans,17,287,173,043_HLB_2_Bruce_Partington_Plans_17.txt
043_HLB_2_Bruce_Partington_Plans.txt,043,HLB_2_Bruce_Partington_Plans,18,296,165,043_HLB_2_Bruce_Partington_Plans_18.txt
043_HLB_2_Bruce_Partington_Plans.txt,043,HLB_2_Bruce_Partington_Plans,19,315,113,043_HLB_2_Bruce_Partington_Plans_19.txt
043_HLB_2_Bruce_Partington_Plans.txt,043,HLB_2_Bruce_Partington_Plans,20,318,148,043_HLB_2_Bruce_Partington_Plans_20.txt
044_HLB_3_Devils_Foot.txt,044,HLB_3_Devils_Foot,1,1,144,044_HLB_3_Devils_Foot_01.txt
044_HLB_3_Devils_Foot.txt,044,HLB_3_Devils_Foot,2,9,182,044_HLB_3_Devils_Foot_02.txt
044_HLB_3_Devils_Foot.txt,044,HLB_3_Devils_Foot,3,28,101,044_HLB_3_Devils_Foot_03.txt
044_HLB_3_Devils_Foot.txt,044,HLB_3_Devils_Foot,4,41,129,044_HLB_3_Devils_Foot_04.txt
044_HLB_3_Devils_Foot.txt,044,HLB_3_Devils_Foot,5,47,172,044_HLB_3_Devils_Foot_05.txt
044_HLB_3_Devils_Foot.txt,044,HLB_3_Devils_Foot,6,49,108,044_HLB_3_Devils_Foot_06.txt
044_HLB_3_Devils_Foot.txt,044,HLB_3_Devils_Foot,7,60,116,044_HLB_3_Devils_Foot_07.txt
044_HLB_3_Devils_Foot.txt,044,HLB_3_Devils_Foot,8,64,163,044_HLB_3_Devils_Foot_08.txt
044_HLB_3_Devils_Foot.txt,044,HLB_3_Devils_Foot,9,65,240,044_HLB_3_Devils_Foot_09.txt
044_HLB_3_Devils_Foot.txt,044,HLB_3_Devils_Foot,10,98,245,044_HLB_3_Devils_Foot_10.txt
044_HLB_3_Devils_Foot.txt,044,HLB_3_Devils_Foot,11,103,155,044_HLB_3_Devils_Foot_11.txt
044_HLB_3_Devils_Foot.txt,044,HLB_3_Devils_Foot,12,112,244,044_HLB_3_Devils_Foot_12.txt
044_HLB_3_Devils_Foot.txt,044,HLB_3_Devils_Foot,13,114,123,044_HLB_3_Devils_Foot_13.txt
044_HLB_3_Devils_Foot.txt,044,HLB_3_Devils_Foot,14,143,123,044_HLB_3_Devils_Foot_14.txt
044_HLB_3_Devils_Foot.txt,044,HLB_3_Devils_Foot,15,148,118,044_HLB_3_Devils_Foot_15.txt
044_HLB_3_Devils_Foot.txt,044,HLB_3_Devils_Foot,16,156,164,044_HLB_3_Devils_Foot_16.txt
044_HLB_3_Devils_Foot.txt,044,HLB_3_Devils_Foot,17,157,174,044_HLB_3_Devils_Foot_17.txt
044_HLB_3_Devils_Foot.txt,044,HLB_3_Devils_Foot,18,158,141,044_HLB_3_Devils_Foot_18.txt
044_HLB_3_Devils_Foot.txt,044,HLB_3_Devils_Foot,19,159,209,044_HLB_3_Devils_Foot_19.txt
044_HLB_3_Devils_Foot.txt,044,HLB_3_Devils_Foot,20,167,150,044_HLB_3_Devils_Foot_20.txt
048_Valley_of_Fear.txt,048,Valley_of_Fear,1,66,149,048_Valley_of_Fear_01.txt
048_Valley_of_Fear.txt,048,Valley_of_Fear,2,74,124,048_Valley_of_Fear_02.txt
048_Valley_of_Fear.txt,048,Valley_of_Fear,3,173,146,048_Valley_of_Fear_03.txt
048_Valley_of_Fear.txt,048,Valley_of_Fear,4,183,101,048_Valley_of_Fear_04.txt
048_Valley_of_Fear.txt,048,Valley_of_Fear,5,244,106,048_Valley_of_Fear_05.txt
048_Valley_of_Fear.txt,048,Valley_of_Fear,6,252,130,048_Valley_of_Fear_06.txt
048_Valley_of_Fear.txt,048,Valley_of_Fear,7,280,121,048_Valley_of_Fear_07.txt
048_Valley_of_Fear.txt,048,Valley_of_Fear,8,563,219,048_Valley_of_Fear_08.txt
048_Valley_of_Fear.txt,048,Valley_of_Fear,9,658,186,048_Valley_of_Fear_09.txt
048_Valley_of_Fear.txt,048,Valley_of_Fear,10,674,100,048_Valley_of_Fear_10.txt
048_Valley_of_Fear.txt,048,Valley_of_Fear,11,680,110,048_Valley_of_Fear_11.txt
048_Valley_of_Fear.txt,048,Valley_of_Fear,12,684,142,048_Valley_of_Fear_12.txt
048_Valley_of_Fear.txt,048,Valley_of_Fear,13,689,115,048_Valley_of_Fear_13.txt
048_Valley_of_Fear.txt,048,Valley_of_Fear,14,690,139,048_Valley_of_Fear_14.txt
048_Valley_of_Fear.txt,048,Valley_of_Fear,15,701,146,048_Valley_of_Fear_15.txt
048_Valley_of_Fear.txt,048,Valley_of_Fear,16,769,124,048_Valley_of_Fear_16.txt
048_Valley_of_Fear.txt,048,Valley_of_Fear,17,800,112,048_Valley_of_Fear_17.txt
048_Valley_of_Fear.txt,048,Valley_of_Fear,18,1177,133,048_Valley_of_Fear_18.txt
048_Valley_of_Fear.txt,048,Valley_of_Fear,19,1279,119,048_Valley_of_Fear_19.txt
048_Valley_of_Fear.txt,048,Valley_of_Fear,20,1298,103,048_Valley_of_Fear_20.txt
